{
  "title": "Critical Damping in Medicine: Deploying the SymC Boundary for Real-Time Therapeutic Control",
  "upload_type": "publication",
  "publication_type": "article",
  "creators": [
    {
      "name": "Nate Christensen",
      "affiliation": "SymC Universe Project"
    }
  ],
  "description": "This paper applies the Symmetrical Convergence (SymC) boundary, $\\chi = \\gamma/(2|\\omega|)$, to clinical medicine as a measurable and falsifiable control metric for adaptive therapy. It links damping and oscillation dynamics to patient response, defining operational guardrails for dose adjustment and relapse prevention. By integrating control theory, systems biology, and clinical feedback, the framework enables real-time therapeutic control and reproducible decision support.",
  "keywords": [
    "SymC",
    "critical damping",
    "adaptive therapy",
    "oncology",
    "antiviral",
    "systems biology",
    "control theory",
    "clinical decision support"
  ],
  "notes": "Companion to the SymC oncology framework; medical translation at the patient-response scale.",
  "publication_date": "2025-10-29"
}